date,demand,Forecast
2023-09-06,10843,10599.953
2023-09-07,10580,10740.997
2023-09-08,9754,9945.898
2023-09-09,10666,10874.604
2023-09-10,10707,10826.959
2023-09-11,11462,11284.836
2023-09-12,10163,10106.269
2023-09-13,11136,10646.696
2023-09-14,10798,10963.173
2023-09-15,10891,10673.88
2023-09-16,10179,10224.162
2023-09-17,10944,11300.703
2023-09-18,10400,10644.117
2023-09-19,10923,11113.3955
2023-09-20,10327,10427.714
2023-09-21,10494,10279.791
2023-09-22,11195,11135.1
2023-09-23,11964,12326.857
2023-09-24,10261,10136.052
2023-09-25,10739,10794.092
2023-09-26,10070,9838.961
2023-09-27,10686,10506.663
2023-09-28,10866,11211.041
2023-09-29,10336,10072.768
2023-09-30,9041,9750.962
2023-10-01,10647,10712.834
2023-10-02,12369,12221.421
2023-10-03,9897,10181.857
2023-10-04,10547,10672.954
2023-10-05,10346,10149.773
2023-10-06,10798,10951.721
2023-10-07,6534,6826.599
2023-10-08,7036,6977.4326
2023-10-09,6819,6823.0317
2023-10-10,6423,6764.3584
2023-10-11,6792,6642.4087
2023-10-12,7446,7785.0176
2023-10-13,6855,6974.324
2023-10-14,6704,7069.0605
2023-10-15,6942,6780.3022
2023-10-16,6348,6698.5015
2023-10-17,7726,7730.932
2023-10-18,6990,7168.8774
2023-10-19,7256,7372.179
2023-10-20,6584,6779.15
2023-10-21,7074,7129.5576
2023-10-22,6491,6854.4043
2023-10-23,7341,7939.9775
2023-10-24,5859,6605.682
2023-10-25,11583,11574.771
2023-10-26,11402,10904.497
2023-10-27,10899,11165.902
2023-10-28,12170,11862.372
2023-10-29,9843,9975.723
2023-10-30,9452,10013.039
2023-10-31,9417,10024.98
2023-11-01,11037,11293.158
2023-11-02,11849,11744.103
2023-11-03,10628,10480.799
2023-11-04,10763,10844.593
2023-11-05,10618,10873.548
2023-11-06,9587,9795.89
2023-11-07,10765,10912.551
2023-11-08,11283,11365.654
2023-11-09,10701,10704.483
2023-11-10,10396,10630.705
2023-11-11,11353,11150.022
2023-11-12,11309,11311.955
2023-11-13,10543,10681.464
2023-11-14,10239,10538.639
2023-11-15,11353,11457.446
2023-11-16,10298,10919.255
2023-11-17,9934,10095.981
2023-11-18,11587,11526.453
2023-11-19,11272,11365.216
2023-11-20,9817,10590.911
2023-11-21,10578,10769.706
2023-11-22,11307,11841.843
2023-11-23,11080,11096.531
2023-11-24,10316,9801.593
2023-11-25,10158,10506.613
2023-11-26,10354,10374.88
2023-11-27,11318,11497.703
2023-11-28,9905,9938.375
2023-11-29,10610,10894.542
2023-11-30,9890,10162.631
2023-12-01,11626,11884.427
2023-12-02,11816,11923.725
2023-12-03,11143,10992.66
2023-12-04,11150,11292.857
2023-12-05,10942,11268.5625
2023-12-06,12701,12697.496
2023-12-07,11461,11587.278
2023-12-08,10967,11373.026
2023-12-09,10302,10536.787
2023-12-10,10770,10621.952
2023-12-11,9679,9985.604
2023-12-12,11853,12051.1455
2023-12-13,11992,11981.229
2023-12-14,11385,11335.277
2023-12-15,10994,10685.613
2023-12-16,10445,10583.409
2023-12-17,11106,11230.528
2023-12-18,11890,11994.637
2023-12-19,11331,11606.227
2023-12-20,10632,11047.154
2023-12-21,12396,12745.005
2023-12-22,11691,11373.843
2023-12-23,11032,10337.092
2023-12-24,11920,11714.07
2023-12-25,9871,10155.555
2023-12-26,11544,11486.219
2023-12-27,7180,7374.6123
2023-12-28,7006,7069.5317
2023-12-29,6941,7042.3003
2023-12-30,6223,6512.5864
2023-12-31,6400,6800.565
2024-01-01,6934,6785.0557
2024-01-02,7175,6978.8164
2024-01-03,7110,7445.551
2024-01-04,6430,6888.173
2024-01-05,7707,7736.465
2024-01-06,7302,7095.3003
2024-01-07,6946,7069.0884
2024-01-08,7143,7244.25
2024-01-09,10083,10469.403
2024-01-10,10060,10425.505
2024-01-11,11324,11507.069
2024-01-12,10648,10947.357
2024-01-13,11844,12100.798
2024-01-14,10186,10431.21
2024-01-15,10523,10229.685
2024-01-16,10437,10906.08
2024-01-17,10122,10530.749
2024-01-18,11301,11288.662
2024-01-19,9017,9645.831
2024-01-20,12846,12999.851
2024-01-21,10348,10894.454
2024-01-22,11927,11995.1
2024-01-23,9479,9999.635
2024-01-24,11386,11316.443
2024-01-25,11794,11694.002
2024-01-26,11182,12007.748
2024-01-27,11540,11554.5625
2024-01-28,11440,11549.113
2024-01-29,10268,10340.649
2024-01-30,9657,10054.49
