store_id,product_id,Average Forecast Demand,Demand Std,Current Inventory,Safety Stock,Reorder Point,Annual Demand,EOQ,Recommended Order Qty,Alert
S001,P0001,89.44,23.45,383.0,102.05,728.09,32643.86,1142.7,1142.7,REORDER
S001,P0002,112.84,18.35,136.0,79.86,869.71,41184.9,1283.51,1283.51,REORDER
S001,P0003,104.25,20.01,434.0,87.1,816.86,38051.89,1233.72,1233.72,REORDER
S001,P0004,94.61,27.02,241.0,117.59,779.85,34531.94,1175.28,1175.28,REORDER
S001,P0005,101.71,22.0,946.0,95.74,807.69,37123.01,1218.57,0.0,LOW STOCK
S001,P0006,93.05,28.77,436.0,125.22,776.58,33963.41,1165.56,1165.56,REORDER
S001,P0007,112.34,22.57,476.0,98.24,884.63,41004.33,1280.69,1280.69,REORDER
S001,P0008,98.37,22.08,162.0,96.09,784.7,35906.33,1198.44,1198.44,REORDER
S001,P0009,133.14,29.35,128.0,127.76,1059.71,48595.02,1394.2,1394.2,REORDER
S001,P0010,74.43,22.55,518.0,98.14,619.13,27165.53,1042.41,1042.41,REORDER
S001,P0011,85.76,25.68,204.0,111.78,712.07,31300.91,1118.94,1118.94,REORDER
S001,P0012,113.49,25.93,396.0,112.86,907.31,41424.5,1287.24,1287.24,REORDER
S001,P0013,87.06,28.14,91.0,122.48,731.89,31776.39,1127.41,1127.41,REORDER
S001,P0014,104.39,18.42,660.0,80.15,810.86,38101.22,1234.52,1234.52,REORDER
S001,P0015,79.35,26.59,80.0,115.74,671.2,28963.16,1076.35,1076.35,REORDER
S001,P0016,108.95,22.96,225.0,99.94,862.58,39766.27,1261.21,1261.21,REORDER
S001,P0017,85.68,26.92,186.0,117.15,716.9,31272.29,1118.43,1118.43,REORDER
S001,P0018,104.53,21.14,130.0,92.02,823.73,38153.31,1235.37,1235.37,REORDER
S001,P0019,70.24,21.05,110.0,91.63,583.32,25638.19,1012.68,1012.68,REORDER
S001,P0020,66.8,19.47,333.0,84.72,552.34,24382.83,987.58,987.58,REORDER
S002,P0001,116.01,23.88,569.0,103.94,916.0,42343.41,1301.44,1301.44,REORDER
S002,P0002,91.3,29.23,515.0,127.21,766.3,33323.9,1154.54,1154.54,REORDER
S002,P0003,105.69,25.1,388.0,109.25,849.07,38576.31,1242.2,1242.2,REORDER
S002,P0004,106.67,21.39,129.0,93.08,839.75,38933.46,1247.93,1247.93,REORDER
S002,P0005,91.16,24.21,552.0,105.38,743.52,33274.47,1153.68,1153.68,REORDER
S002,P0006,104.97,17.62,98.0,76.67,811.43,38312.7,1237.95,1237.95,REORDER
S002,P0007,89.79,30.57,414.0,133.04,761.56,32773.06,1144.96,1144.96,REORDER
S002,P0008,108.83,22.51,85.0,97.95,859.77,39723.55,1260.53,1260.53,REORDER
S002,P0009,105.95,22.41,153.0,97.53,839.17,38671.1,1243.72,1243.72,REORDER
S002,P0010,124.12,26.03,143.0,113.27,982.14,45305.48,1346.19,1346.19,REORDER
S002,P0011,113.02,22.71,73.0,98.84,890.0,41253.68,1284.58,1284.58,REORDER
S002,P0012,86.71,23.29,423.0,101.37,708.34,31649.23,1125.15,1125.15,REORDER
S002,P0013,102.09,21.38,125.0,93.06,807.69,37263.03,1220.87,1220.87,REORDER
S002,P0014,85.54,22.49,676.0,97.87,696.68,31223.31,1117.56,1117.56,REORDER
S002,P0015,108.62,18.28,1039.0,79.54,839.91,39647.99,1259.33,0.0,LOW STOCK
S002,P0016,113.19,21.31,88.0,92.75,885.07,41313.42,1285.51,1285.51,REORDER
S002,P0017,84.98,28.05,204.0,122.09,716.92,31016.37,1113.85,1113.85,REORDER
S002,P0018,100.39,14.62,61.0,63.62,766.35,36642.2,1210.66,1210.66,REORDER
S002,P0019,111.65,20.19,339.0,87.89,869.45,40752.64,1276.76,1276.76,REORDER
S002,P0020,71.8,19.8,332.0,86.16,588.77,26207.68,1023.87,1023.87,REORDER
S003,P0001,80.0,28.94,207.0,125.96,685.97,29200.61,1080.75,1080.75,REORDER
S003,P0002,100.21,20.07,327.0,87.33,788.8,36576.76,1209.57,1209.57,REORDER
S003,P0003,105.71,30.46,95.0,132.58,872.53,38583.04,1242.3,1242.3,REORDER
S003,P0004,111.01,25.3,552.0,110.09,887.13,40516.87,1273.06,1273.06,REORDER
S003,P0005,86.72,29.82,782.0,129.79,736.84,31653.65,1125.23,0.0,LOW STOCK
S003,P0006,95.21,31.04,156.0,135.09,801.53,34749.87,1178.98,1178.98,REORDER
S003,P0007,100.61,23.53,187.0,102.4,806.68,36722.99,1211.99,1211.99,REORDER
S003,P0008,125.57,26.3,170.0,114.47,993.43,45831.52,1353.98,1353.98,REORDER
S003,P0009,103.8,22.41,123.0,97.52,824.15,37888.49,1231.07,1231.07,REORDER
S003,P0010,111.08,21.16,111.0,92.08,869.64,40544.44,1273.49,1273.49,REORDER
S003,P0011,119.22,36.91,143.0,160.63,995.18,43516.03,1319.33,1319.33,REORDER
S003,P0012,69.27,22.21,286.0,96.66,581.58,25285.04,1005.68,1005.68,REORDER
S003,P0013,111.83,22.1,781.0,96.2,878.98,40816.31,1277.75,1277.75,REORDER
S003,P0014,117.21,26.72,350.0,116.28,936.74,42780.89,1308.14,1308.14,REORDER
S003,P0015,115.59,27.5,413.0,119.7,928.82,42189.8,1299.07,1299.07,REORDER
S003,P0016,106.78,29.97,161.0,130.42,877.89,38975.03,1248.6,1248.6,REORDER
S003,P0017,69.88,20.86,239.0,90.8,579.98,25506.82,1010.09,1010.09,REORDER
S003,P0018,77.59,21.37,652.0,93.01,636.14,28320.49,1064.34,0.0,LOW STOCK
S003,P0019,102.73,20.15,108.0,87.7,806.8,37495.93,1224.68,1224.68,REORDER
S003,P0020,110.85,21.93,113.0,95.44,871.42,40461.88,1272.19,1272.19,REORDER
S004,P0001,98.63,22.03,342.0,95.9,786.31,36000.09,1200.0,1200.0,REORDER
S004,P0002,99.29,19.49,273.0,84.82,779.84,36240.44,1204.0,1204.0,REORDER
S004,P0003,82.42,26.92,153.0,117.18,694.09,30081.74,1096.94,1096.94,REORDER
S004,P0004,101.83,23.33,439.0,101.52,814.34,37168.18,1219.31,1219.31,REORDER
S004,P0005,109.72,16.81,184.0,73.16,841.22,40048.5,1265.68,1265.68,REORDER
S004,P0006,107.87,23.54,134.0,102.47,857.59,39373.99,1254.97,1254.97,REORDER
S004,P0007,116.07,28.14,574.0,122.46,934.94,42365.12,1301.77,1301.77,REORDER
S004,P0008,64.54,18.58,92.0,80.88,532.69,23558.65,970.75,970.75,REORDER
S004,P0009,122.76,31.38,472.0,136.56,995.88,44807.3,1338.77,1338.77,REORDER
S004,P0010,110.67,18.97,247.0,82.55,857.23,40393.93,1271.12,1271.12,REORDER
S004,P0011,101.12,18.81,596.0,81.85,789.69,36908.98,1215.06,1215.06,REORDER
S004,P0012,111.41,37.52,201.0,163.28,943.14,40664.35,1275.37,1275.37,REORDER
S004,P0013,99.61,19.09,389.0,83.07,780.32,36356.59,1205.93,1205.93,REORDER
S004,P0014,87.89,25.77,379.0,112.14,727.35,32078.66,1132.76,1132.76,REORDER
S004,P0015,63.97,17.2,292.0,74.85,522.64,23348.99,966.42,966.42,REORDER
S004,P0016,67.16,18.95,153.0,82.47,552.57,24512.05,990.19,990.19,REORDER
S004,P0017,119.4,24.75,166.0,107.74,943.51,43579.46,1320.29,1320.29,REORDER
S004,P0018,83.2,22.83,97.0,99.36,681.76,30367.85,1102.14,1102.14,REORDER
S004,P0019,103.49,17.24,219.0,75.03,799.46,37773.47,1229.2,1229.2,REORDER
S004,P0020,72.9,20.15,79.0,87.71,598.01,26608.25,1031.66,1031.66,REORDER
S005,P0001,96.86,19.93,267.0,86.73,764.77,35355.18,1189.2,1189.2,REORDER
S005,P0002,98.0,23.6,156.0,102.71,788.69,35769.06,1196.14,1196.14,REORDER
S005,P0003,88.57,29.53,212.0,128.54,748.5,32326.65,1137.13,1137.13,REORDER
S005,P0004,98.17,26.73,141.0,116.35,803.57,35833.51,1197.22,1197.22,REORDER
S005,P0005,97.11,21.41,288.0,93.17,772.93,35444.64,1190.71,1190.71,REORDER
S005,P0006,104.39,21.55,266.0,93.8,824.56,38104.02,1234.57,1234.57,REORDER
S005,P0007,113.26,23.58,261.0,102.62,895.46,41341.29,1285.94,1285.94,REORDER
S005,P0008,110.13,21.95,154.0,95.52,866.44,40198.13,1268.04,1268.04,REORDER
S005,P0009,122.35,32.98,136.0,143.52,999.97,44657.77,1336.53,1336.53,REORDER
S005,P0010,102.6,20.47,115.0,89.11,807.3,37448.28,1223.9,1223.9,REORDER
S005,P0011,89.27,25.64,269.0,111.59,736.51,32584.98,1141.67,1141.67,REORDER
S005,P0012,77.13,26.94,375.0,117.26,657.16,28152.29,1061.17,1061.17,REORDER
S005,P0013,109.39,20.96,792.0,91.22,856.95,39927.05,1263.76,1263.76,REORDER
S005,P0014,90.66,25.27,161.0,109.98,744.62,33091.56,1150.51,1150.51,REORDER
S005,P0015,101.22,19.77,520.0,86.03,794.58,36945.83,1215.66,1215.66,REORDER
S005,P0016,94.63,31.53,233.0,137.23,799.64,34539.99,1175.41,1175.41,REORDER
S005,P0017,93.43,30.9,137.0,134.47,788.44,34100.2,1167.91,1167.91,REORDER
S005,P0018,107.35,18.55,197.0,80.75,832.21,39183.53,1251.93,1251.93,REORDER
S005,P0019,76.66,21.66,125.0,94.26,630.91,27982.17,1057.96,1057.96,REORDER
S005,P0020,83.78,27.28,126.0,118.72,705.16,30578.74,1105.96,1105.96,REORDER
