store_id,product_id,Average Daily Demand,Demand Std,Current Inventory,Safety Stock,Reorder Point,EOQ,Recommended Order Qty,Alert
S001,P0001,92.81,35.54,383,154.66,804.36,1164.08,1164.08,REORDER
S001,P0002,124.64,45.58,136,198.37,1070.88,1349.0,1349.0,REORDER
S001,P0003,123.34,43.38,434,188.8,1052.15,1341.9,1341.9,REORDER
S001,P0004,93.06,38.55,241,167.79,819.2,1165.62,1165.62,REORDER
S001,P0005,120.32,47.05,946,204.79,1047.05,1325.41,1325.41,REORDER
S001,P0006,91.98,46.01,436,200.26,844.12,1158.83,1158.83,REORDER
S001,P0007,120.7,48.22,476,209.85,1054.77,1327.5,1327.5,REORDER
S001,P0008,93.36,37.96,162,165.22,818.71,1167.48,1167.48,REORDER
S001,P0009,121.73,44.21,128,192.42,1044.54,1333.15,1333.15,REORDER
S001,P0010,72.72,31.34,518,136.39,645.41,1030.37,1030.37,REORDER
S001,P0011,74.25,33.31,204,144.96,664.73,1041.2,1041.2,REORDER
S001,P0012,119.98,48.38,396,210.58,1050.42,1323.5,1323.5,REORDER
S001,P0013,92.79,46.94,91,204.29,853.84,1163.94,1163.94,REORDER
S001,P0014,117.99,48.08,660,209.26,1035.17,1312.48,1312.48,REORDER
S001,P0015,91.25,46.22,80,201.18,839.94,1154.24,1154.24,REORDER
S001,P0016,122.18,50.28,225,218.82,1074.07,1335.59,1335.59,REORDER
S001,P0017,94.16,46.99,186,204.53,863.66,1172.5,1172.5,REORDER
S001,P0018,121.91,49.95,130,217.38,1070.71,1334.1,1334.1,REORDER
S001,P0019,73.48,32.65,110,142.08,656.45,1035.77,1035.77,REORDER
S001,P0020,73.63,32.59,333,141.84,657.27,1036.84,1036.84,REORDER
S002,P0001,120.92,46.14,569,200.83,1047.27,1328.69,1328.69,REORDER
S002,P0002,93.94,46.49,515,202.32,859.89,1171.11,1171.11,REORDER
S002,P0003,118.43,45.04,388,196.03,1025.03,1314.93,1314.93,REORDER
S002,P0004,118.12,48.27,129,210.08,1036.89,1313.2,1313.2,REORDER
S002,P0005,96.29,40.35,552,175.62,849.67,1185.7,1185.7,REORDER
S002,P0006,108.99,38.99,98,169.68,932.59,1261.43,1261.43,REORDER
S002,P0007,91.87,46.37,414,201.83,844.89,1158.12,1158.12,REORDER
S002,P0008,121.61,48.12,85,209.41,1060.7,1332.49,1332.49,REORDER
S002,P0009,120.72,49.42,153,215.1,1060.11,1327.57,1327.57,REORDER
S002,P0010,122.72,49.54,143,215.61,1074.67,1338.57,1338.57,REORDER
S002,P0011,119.29,47.93,73,208.61,1043.63,1319.7,1319.7,REORDER
S002,P0012,92.62,37.33,423,162.47,810.78,1162.84,1162.84,REORDER
S002,P0013,122.88,50.37,125,219.2,1079.39,1339.44,1339.44,REORDER
S002,P0014,92.96,37.91,676,164.99,815.74,1165.02,1165.02,REORDER
S002,P0015,107.44,39.4,1039,171.47,923.53,1252.43,1252.43,LOW STOCK
S002,P0016,108.33,38.76,88,168.68,926.97,1257.61,1257.61,REORDER
S002,P0017,92.93,45.72,204,199.0,849.49,1164.79,1164.79,REORDER
S002,P0018,106.37,37.33,61,162.45,907.04,1246.19,1246.19,REORDER
S002,P0019,109.07,38.61,339,168.02,931.52,1261.92,1261.92,REORDER
S002,P0020,73.29,32.15,332,139.92,652.98,1034.46,1034.46,REORDER
S003,P0001,91.44,43.64,207,189.95,830.02,1155.43,1155.43,REORDER
S003,P0002,123.2,49.01,327,213.29,1075.66,1341.14,1341.14,REORDER
S003,P0003,110.52,46.78,95,203.59,977.23,1270.28,1270.28,REORDER
S003,P0004,120.09,47.63,552,207.29,1047.94,1324.14,1324.14,REORDER
S003,P0005,91.59,46.09,782,200.61,841.77,1156.41,1156.41,REORDER
S003,P0006,93.21,47.34,156,206.05,858.49,1166.53,1166.53,REORDER
S003,P0007,122.18,46.41,187,201.99,1057.25,1335.6,1335.6,REORDER
S003,P0008,109.25,38.46,170,167.38,932.15,1262.97,1262.97,REORDER
S003,P0009,121.18,47.61,123,207.21,1055.5,1330.15,1330.15,REORDER
S003,P0010,121.05,47.54,111,206.92,1054.26,1329.4,1329.4,REORDER
S003,P0011,106.94,42.84,143,186.44,935.0,1249.52,1249.52,REORDER
S003,P0012,73.91,31.86,286,138.64,656.0,1038.78,1038.78,REORDER
S003,P0013,121.7,48.81,781,212.42,1064.32,1332.97,1332.97,REORDER
S003,P0014,119.4,45.7,350,198.9,1034.7,1320.32,1320.32,REORDER
S003,P0015,119.18,50.48,413,219.71,1053.97,1319.1,1319.1,REORDER
S003,P0016,106.49,45.74,161,199.07,944.49,1246.89,1246.89,REORDER
S003,P0017,72.47,31.21,239,135.85,643.14,1028.62,1028.62,REORDER
S003,P0018,73.87,31.25,652,136.0,653.07,1038.49,1038.49,REORDER
S003,P0019,122.05,48.35,108,210.42,1064.78,1334.9,1334.9,REORDER
S003,P0020,109.66,40.13,113,174.66,942.27,1265.31,1265.31,REORDER
S004,P0001,122.98,47.81,342,208.1,1068.96,1339.97,1339.97,REORDER
S004,P0002,122.66,52.23,273,227.3,1085.92,1338.22,1338.22,REORDER
S004,P0003,74.74,34.28,153,149.18,672.38,1044.63,1044.63,REORDER
S004,P0004,122.42,50.05,439,217.81,1074.79,1336.94,1336.94,REORDER
S004,P0005,109.68,38.28,184,166.62,934.37,1265.43,1265.43,REORDER
S004,P0006,121.02,49.41,134,215.03,1062.15,1329.24,1329.24,REORDER
S004,P0007,120.28,48.36,574,210.49,1052.43,1325.16,1325.16,REORDER
S004,P0008,75.11,34.0,92,147.96,673.7,1047.16,1047.16,REORDER
S004,P0009,108.24,40.07,472,174.41,932.08,1257.1,1257.1,REORDER
S004,P0010,120.07,47.35,247,206.06,1046.56,1324.02,1324.02,REORDER
S004,P0011,110.39,39.69,596,172.72,945.44,1269.51,1269.51,REORDER
S004,P0012,96.07,38.93,201,169.44,841.92,1184.31,1184.31,REORDER
S004,P0013,121.64,48.16,389,209.62,1061.11,1332.66,1332.66,REORDER
S004,P0014,74.27,32.85,379,142.97,662.85,1041.31,1041.31,REORDER
S004,P0015,73.7,32.51,292,141.51,657.43,1037.33,1037.33,REORDER
S004,P0016,71.9,31.76,153,138.21,641.54,1024.6,1024.6,REORDER
S004,P0017,110.31,39.83,166,173.35,945.52,1269.06,1269.06,REORDER
S004,P0018,71.68,31.0,97,134.93,636.7,1023.01,1023.01,REORDER
S004,P0019,111.99,38.95,219,169.5,953.42,1278.68,1278.68,REORDER
S004,P0020,73.55,32.98,79,143.52,658.34,1036.23,1036.23,REORDER
S005,P0001,119.8,48.13,267,209.49,1048.1,1322.54,1322.54,REORDER
S005,P0002,95.89,39.56,156,172.15,843.42,1183.24,1183.24,REORDER
S005,P0003,92.95,45.09,212,196.26,846.9,1164.93,1164.93,REORDER
S005,P0004,123.29,48.76,141,212.23,1075.25,1341.64,1341.64,REORDER
S005,P0005,119.71,47.84,288,208.2,1046.19,1322.05,1322.05,REORDER
S005,P0006,123.42,48.32,266,210.29,1074.25,1342.37,1342.37,REORDER
S005,P0007,120.09,48.43,261,210.79,1051.42,1324.13,1324.13,REORDER
S005,P0008,122.43,50.18,154,218.39,1075.43,1336.99,1336.99,REORDER
S005,P0009,120.66,47.21,136,205.49,1050.11,1327.27,1327.27,REORDER
S005,P0010,118.79,47.92,115,208.58,1040.09,1316.92,1316.92,REORDER
S005,P0011,92.77,38.04,269,165.55,814.94,1163.81,1163.81,REORDER
S005,P0012,74.29,32.37,375,140.88,660.94,1041.48,1041.48,REORDER
S005,P0013,121.11,48.61,792,211.55,1059.3,1329.73,1329.73,REORDER
S005,P0014,74.77,31.6,161,137.53,660.92,1044.81,1044.81,REORDER
S005,P0015,120.89,47.0,520,204.57,1050.78,1328.51,1328.51,REORDER
S005,P0016,94.88,47.25,233,205.66,869.85,1176.99,1176.99,REORDER
S005,P0017,91.47,47.11,137,205.05,845.37,1155.65,1155.65,REORDER
S005,P0018,122.5,46.25,197,201.28,1058.77,1337.34,1337.34,REORDER
S005,P0019,72.82,32.26,125,140.38,650.14,1031.12,1031.12,REORDER
S005,P0020,92.04,45.16,126,196.54,840.78,1159.19,1159.19,REORDER
